user_id,user_age,Sexo,codigo_sexo,nombre_cancion,Codigo_cancion,codigo_parrafo_roles,Grado_roles,parrafos
500737046,27,Chico,0,New Rules,20005,0,0
500737046,27,Chico,0,Mayores,10005,0,0
500737046,27,Chico,0,Deja Que Te Bese,30000,0,0
500737046,27,Chico,0,Míranos,30003,0,0
500737046,27,Chico,0,Corazón,10003,0,0
500737046,27,Chico,0,Rockabye,20015,0,0
500737046,27,Chico,0,Espectacular,30001,0,0
500737046,27,Chico,0,Cómo Te Atreves,20019,1,8
,,,,,,2
